Reference Number 66,Slot 0,Group 1
Reference Number 121,Slot 1,Group 1
Reference Number 122,Slot 2,Group 1
Reference Number 100,Slot 3,Group 1
Reference Number 103,Slot 4,Group 2
Reference Number 21,Slot 5,Group 2
Reference Number 34,Slot 6,Group 2
Reference Number 47,Slot 7,Group 2
Reference Number 3,Slot 8,Group 3
Reference Number 102,Slot 9,Group 3
Reference Number 96,Slot 10,Group 3
Reference Number 30,Slot 11,Group 3
Reference Number 10,Slot 12,Group 4
Reference Number 51,Slot 13,Group 4
Reference Number 48,Slot 14,Group 4
Reference Number 16,Slot 15,Group 4
Reference Number 52,Slot 16,Group 5
Reference Number 99,Slot 17,Group 5
Reference Number 88,Slot 18,Group 5
Reference Number 114,Slot 19,Group 5
Reference Number 63,Slot 20,Group 6
Reference Number 92,Slot 21,Group 6
Reference Number 93,Slot 22,Group 6
Reference Number 128,Slot 23,Group 6
Reference Number 53,Slot 24,Group 7
Reference Number 127,Slot 25,Group 7
Reference Number 11,Slot 26,Group 7
Reference Number 124,Slot 27,Group 7
Reference Number 117,Slot 28,Group 8
Reference Number 111,Slot 29,Group 8
Reference Number 58,Slot 30,Group 8
Reference Number 77,Slot 31,Group 8
Reference Number 78,Slot 32,Group 9
Reference Number 129,Slot 33,Group 9
Reference Number 4,Slot 34,Group 9
Reference Number 118,Slot 35,Group 9
Reference Number 41,Slot 36,Group 10
Reference Number 39,Slot 37,Group 10
Reference Number 68,Slot 38,Group 10
Reference Number 55,Slot 39,Group 10
Reference Number 31,Slot 40,Group 11
Reference Number 75,Slot 41,Group 11
Reference Number 14,Slot 42,Group 11
Reference Number 83,Slot 43,Group 11
Reference Number 45,Slot 44,Group 12
Reference Number 89,Slot 45,Group 12
Reference Number 7,Slot 46,Group 12
Reference Number 95,Slot 47,Group 12
Reference Number 62,Slot 48,Group 13
Reference Number 28,Slot 49,Group 13
Reference Number 54,Slot 50,Group 13
Reference Number 26,Slot 51,Group 13
Reference Number 80,Slot 52,Group 14
Reference Number 98,Slot 53,Group 14
Reference Number 123,Slot 54,Group 14
Reference Number 113,Slot 55,Group 14
Reference Number 43,Slot 56,Group 15
Reference Number 35,Slot 57,Group 15
Reference Number 112,Slot 58,Group 15
Reference Number 6,Slot 59,Group 15
Reference Number 59,Slot 60,Group 16
Reference Number 87,Slot 61,Group 16
Reference Number 13,Slot 62,Group 16
Reference Number 23,Slot 63,Group 16
Reference Number 108,Slot 64,Group 17
Reference Number 9,Slot 65,Group 17
Reference Number 32,Slot 66,Group 17
Reference Number 25,Slot 67,Group 17
Reference Number 50,Slot 68,Group 18
Reference Number 120,Slot 69,Group 18
Reference Number 97,Slot 70,Group 18
Reference Number 1,Slot 71,Group 18
Reference Number 18,Slot 72,Group 19
Reference Number 116,Slot 73,Group 19
Reference Number 104,Slot 74,Group 19
Reference Number 22,Slot 75,Group 19
Reference Number 115,Slot 76,Group 20
Reference Number 81,Slot 77,Group 20
Reference Number 109,Slot 78,Group 20
Reference Number 57,Slot 79,Group 20
Reference Number 110,Slot 80,Group 21
Reference Number 46,Slot 81,Group 21
Reference Number 19,Slot 82,Group 21
Reference Number 27,Slot 83,Group 21
Reference Number 24,Slot 84,Group 22
Reference Number 44,Slot 85,Group 22
Reference Number 33,Slot 86,Group 22
Reference Number 69,Slot 87,Group 22
Reference Number 64,Slot 88,Group 23
Reference Number 5,Slot 89,Group 23
Reference Number 90,Slot 90,Group 23
Reference Number 29,Slot 91,Group 23
Reference Number 86,Slot 92,Group 24
Reference Number 107,Slot 93,Group 24
Reference Number 72,Slot 94,Group 24
Reference Number 61,Slot 95,Group 24
Reference Number 56,Slot 96,Group 25
Reference Number 91,Slot 97,Group 25
Reference Number 125,Slot 98,Group 25
Reference Number 8,Slot 99,Group 25
Reference Number 101,Slot 100,Group 26
Reference Number 73,Slot 101,Group 26
Reference Number 131,Slot 102,Group 26
Reference Number 12,Slot 103,Group 26
Reference Number 84,Slot 104,Group 27
Reference Number 119,Slot 105,Group 27
Reference Number 15,Slot 106,Group 27
Reference Number 126,Slot 107,Group 27
Reference Number 70,Slot 108,Group 28
Reference Number 60,Slot 109,Group 28
Reference Number 94,Slot 110,Group 28
Reference Number 85,Slot 111,Group 28
Reference Number 42,Slot 112,Group 29
Reference Number 74,Slot 113,Group 29
Reference Number 37,Slot 114,Group 29
Reference Number 130,Slot 115,Group 29
Reference Number 40,Slot 116,Group 30
Reference Number 36,Slot 117,Group 30
Reference Number 67,Slot 118,Group 30
Reference Number 71,Slot 119,Group 30
Reference Number 76,Slot 120,Group 31
Reference Number 2,Slot 121,Group 31
Reference Number 20,Slot 122,Group 31
Reference Number 82,Slot 123,Group 31
Reference Number 79,Slot 124,Group 32
Reference Number 105,Slot 125,Group 32
Reference Number 65,Slot 126,Group 32
Reference Number 106,Slot 127,Group 32
Reference Number 49,Slot 128,Group 33
Reference Number 17,Slot 129,Group 33
Reference Number 38,Slot 130,Group 33
